<?xml version="1.0" encoding="UTF-8"?>
<project-private xmlns="http://www.netbeans.org/ns/project-private/1">
    <editor-bookmarks xmlns="http://www.netbeans.org/ns/editor-bookmarks/2" lastBookmarkId="0"/>
    <open-files xmlns="http://www.netbeans.org/ns/projectui-open-files/2">
        <group>
            <file>file:/C:/Users/sergi/Documents/GitHub/Programacion/Programacion/EvaluacionesAngela/src/evaluacionesangela/Evaluaciones.java</file>
            <file>file:/C:/Users/sergi/Documents/GitHub/Programacion/Programacion/EvaluacionesAngela/src/evaluacionesangela/Proyecto.java</file>
            <file>file:/C:/Users/sergi/Documents/GitHub/Programacion/Programacion/EvaluacionesAngela/src/evaluacionesangela/Empresas.java</file>
            <file>file:/C:/Users/sergi/Documents/GitHub/Programacion/Programacion/EvaluacionesAngela/src/evaluacionesangela/Empresa.java</file>
            <file>file:/C:/Users/sergi/Documents/GitHub/Programacion/Programacion/EvaluacionesAngela/src/evaluacionesangela/Sistema.java</file>
            <file>file:/C:/Users/sergi/Documents/GitHub/Programacion/Programacion/EvaluacionesAngela/src/evaluacionesangela/Proyectos.java</file>
            <file>file:/C:/Users/sergi/Documents/GitHub/Programacion/Programacion/EvaluacionesAngela/src/evaluacionesangela/UnionEvaluacion.java</file>
            <file>file:/C:/Users/sergi/Documents/GitHub/Programacion/Programacion/EvaluacionesAngela/src/evaluacionesangela/Evaluador.java</file>
            <file>file:/C:/Users/sergi/Documents/GitHub/Programacion/Programacion/EvaluacionesAngela/src/evaluacionesangela/Evaluadores.java</file>
        </group>
    </open-files>
</project-private>
